Timestamp,IP Address,User Agent,HTTP Status,Bytes Sent
2023-04-16 05:13:53.659803,192.168.87.28,UserAgent-5989,200,3738
2023-08-29 02:58:07.659803,192.168.97.78,UserAgent-5915,200,6050
2023-12-16 17:36:16.659803,192.168.1.40,UserAgent-2408,200,3640
2024-02-08 21:38:23.659803,192.168.63.146,UserAgent-7203,200,8178
2023-07-15 05:30:23.659803,192.168.139.169,UserAgent-5160,500,4085
2023-10-13 14:08:09.659803,192.168.59.34,UserAgent-5856,200,1060
2024-02-14 11:35:54.659803,192.168.160.40,UserAgent-3677,200,1224
2023-03-15 17:12:12.659803,192.168.142.236,UserAgent-7323,200,877
2023-06-09 20:46:27.659803,192.168.151.51,UserAgent-1747,404,7617
2023-04-13 03:56:16.659803,192.168.244.63,UserAgent-4898,500,6967
2023-07-29 19:29:48.659803,192.168.137.138,UserAgent-9472,404,6197
2023-09-10 05:17:20.659803,192.168.190.21,UserAgent-6139,200,4827
2024-02-13 16:10:27.659803,192.168.128.83,UserAgent-8799,404,1144
2024-02-19 11:18:58.659803,192.168.98.33,UserAgent-6161,200,8526
2023-09-20 08:46:55.659803,192.168.157.69,UserAgent-9229,404,4674
2024-01-11 02:15:22.659803,192.168.85.170,UserAgent-9247,200,9686
2023-11-26 09:23:36.659803,192.168.217.83,UserAgent-4598,200,2269
2024-02-10 09:16:01.659803,192.168.46.118,UserAgent-8152,500,2139
2023-06-19 18:29:06.659803,192.168.51.137,UserAgent-4939,500,2953
2024-02-07 05:10:41.659803,192.168.98.231,UserAgent-8840,404,4043
2024-02-11 18:39:12.659803,192.168.176.63,UserAgent-7403,404,7428
2023-12-20 17:48:52.659803,192.168.99.51,UserAgent-9419,500,2325
2023-08-03 07:45:20.659803,192.168.1.58,UserAgent-3454,404,2709
2024-02-09 12:05:54.659803,192.168.4.32,UserAgent-4092,200,6420
2024-02-19 10:21:21.659803,192.168.82.247,UserAgent-6342,200,5141
2023-09-09 09:46:43.659803,192.168.56.86,UserAgent-3992,404,6776
2023-06-17 20:50:21.659803,192.168.220.170,UserAgent-1007,404,9761
2023-05-17 10:38:59.659803,192.168.41.11,UserAgent-5779,404,5488
2023-08-24 08:10:24.659803,192.168.28.86,UserAgent-7658,500,680
2023-07-10 11:57:42.659803,192.168.10.253,UserAgent-6243,200,4747
2023-07-13 23:03:07.659803,192.168.149.198,UserAgent-7676,404,5194
2023-10-24 14:10:39.659803,192.168.82.216,UserAgent-5146,200,4719
2023-09-06 20:41:04.659803,192.168.15.77,UserAgent-3571,200,5392
2023-05-15 13:34:14.659803,192.168.202.216,UserAgent-9797,404,4735
2023-10-21 10:19:13.659803,192.168.25.250,UserAgent-5142,500,3846
2023-08-07 20:14:17.659803,192.168.67.94,UserAgent-6587,404,3783
2024-01-01 02:19:48.659803,192.168.96.58,UserAgent-6917,404,9309
2023-06-18 14:20:36.659803,192.168.29.150,UserAgent-9872,404,3600
2024-02-27 12:45:20.659803,192.168.41.237,UserAgent-4421,500,8682
2024-02-25 08:05:17.659803,192.168.157.139,UserAgent-3723,404,6321
2023-04-07 11:41:34.659803,192.168.37.37,UserAgent-6937,200,5113
2023-06-17 14:56:53.659803,192.168.209.114,UserAgent-9367,200,2484
2023-12-25 23:53:13.659803,192.168.101.224,UserAgent-6764,500,9934
2023-12-29 13:08:34.660804,192.168.123.32,UserAgent-5389,200,4096
2023-12-21 20:37:07.660804,192.168.138.166,UserAgent-5116,500,9287
2023-10-28 10:44:48.660804,192.168.15.137,UserAgent-6091,500,3134
2023-09-06 17:43:37.660804,192.168.22.187,UserAgent-3415,200,4875
2023-07-07 21:30:54.660804,192.168.3.121,UserAgent-3448,500,6694
2023-07-20 23:49:32.660804,192.168.48.216,UserAgent-1564,200,2495
2023-12-17 02:59:26.660804,192.168.149.81,UserAgent-3407,200,2324
2023-12-26 06:14:08.660804,192.168.141.222,UserAgent-8060,200,1968
2024-01-29 21:21:42.660804,192.168.12.33,UserAgent-2426,404,4311
2023-12-30 16:01:39.660804,192.168.109.168,UserAgent-7438,500,5821
2023-09-03 15:51:38.660804,192.168.195.64,UserAgent-1612,200,1843
2023-10-08 12:15:19.660804,192.168.198.18,UserAgent-3828,500,3652
2023-10-08 05:13:24.660804,192.168.44.87,UserAgent-6832,404,614
2023-05-13 19:18:35.660804,192.168.112.141,UserAgent-9347,200,424
2023-09-01 00:45:54.660804,192.168.17.172,UserAgent-6156,404,4406
2024-01-17 14:56:59.660804,192.168.136.120,UserAgent-6647,404,3077
2023-12-31 10:25:22.660804,192.168.17.64,UserAgent-2080,500,3700
2024-01-19 08:25:47.660804,192.168.134.207,UserAgent-8029,404,2959
2023-07-14 15:25:13.660804,192.168.74.144,UserAgent-5325,404,2655
2023-05-06 22:12:52.660804,192.168.101.171,UserAgent-2101,404,7778
2023-07-31 16:54:31.660804,192.168.93.9,UserAgent-7899,404,5418
2023-07-10 03:30:25.660804,192.168.160.189,UserAgent-3297,500,4070
2023-03-08 09:51:30.660804,192.168.93.156,UserAgent-6017,404,9666
2023-10-19 20:01:02.660804,192.168.80.28,UserAgent-5814,404,7560
2024-02-12 05:42:38.660804,192.168.158.120,UserAgent-8230,404,9583
2023-12-28 01:49:17.660804,192.168.109.169,UserAgent-3280,404,2131
2023-11-09 22:32:25.660804,192.168.37.84,UserAgent-9805,200,598
2023-05-29 18:38:35.660804,192.168.248.47,UserAgent-2719,200,3378
2023-12-16 03:06:59.660804,192.168.217.70,UserAgent-6777,404,9389
2023-12-10 08:43:21.660804,192.168.143.69,UserAgent-5894,404,6120
2023-08-09 19:09:54.660804,192.168.50.5,UserAgent-8968,404,9704
2023-11-18 21:08:59.660804,192.168.44.191,UserAgent-5133,500,968
2023-06-24 23:45:22.660804,192.168.107.121,UserAgent-9627,500,6114
2023-12-12 00:00:12.660804,192.168.63.226,UserAgent-7658,500,8137
2024-01-19 22:45:44.660804,192.168.207.179,UserAgent-4180,404,1326
2023-09-03 14:28:06.660804,192.168.86.255,UserAgent-8918,200,7626
2023-11-12 21:38:20.660804,192.168.60.170,UserAgent-7349,500,384
2023-07-07 07:44:04.660804,192.168.156.83,UserAgent-8346,200,6159
2023-03-28 13:40:50.660804,192.168.130.149,UserAgent-6012,404,7501
2023-05-24 14:57:56.660804,192.168.217.82,UserAgent-2406,404,6512
2023-03-23 02:48:18.660804,192.168.68.41,UserAgent-9568,404,3286
2023-12-10 14:52:50.660804,192.168.141.3,UserAgent-4895,404,7062
2023-05-08 01:58:40.660804,192.168.213.46,UserAgent-8481,200,1736
2023-08-06 18:30:15.660804,192.168.112.108,UserAgent-3334,500,1954
2023-04-22 11:32:42.660804,192.168.207.20,UserAgent-8048,200,7164
2023-08-18 18:05:33.660804,192.168.183.17,UserAgent-3902,404,5125
2023-04-15 00:05:01.660804,192.168.45.223,UserAgent-9070,200,5203
2023-11-21 16:36:32.660804,192.168.235.221,UserAgent-2980,200,6950
2023-12-31 22:06:24.660804,192.168.117.121,UserAgent-8368,500,7091
2023-06-21 19:02:26.660804,192.168.152.163,UserAgent-6354,500,1425
2023-11-15 16:46:55.660804,192.168.63.16,UserAgent-8358,200,4224
2023-05-06 21:39:36.660804,192.168.3.69,UserAgent-8214,200,3035
2023-06-09 10:48:49.660804,192.168.198.59,UserAgent-4977,500,6451
2023-07-27 23:16:36.660804,192.168.128.107,UserAgent-6282,500,8266
2024-02-05 19:00:08.660804,192.168.139.2,UserAgent-9350,200,4218
2023-10-19 21:33:16.660804,192.168.134.242,UserAgent-8458,200,4109
2023-10-04 15:39:03.660804,192.168.71.245,UserAgent-8265,200,5454
